City_ID,City,Country,Lat,Lng,Max Temp,Humidity,Cloudiness,Wind Speed,Current Description
0,Zhangye,CN,38.9342,100.4517,14.43,50,7,5.66,clear sky
1,Lompoc,US,34.6391,-120.4579,60.01,79,100,6.91,overcast clouds
2,Launceston,AU,-41.45,147.1667,66.61,57,100,12.66,overcast clouds
3,Cartersville,US,34.1651,-84.7999,49.15,46,0,3.0,clear sky
4,Mataura,NZ,-46.1927,168.8643,50.49,80,77,9.78,broken clouds
5,Axim,GH,4.8699,-2.2405,78.6,83,87,5.21,overcast clouds
6,Port Elizabeth,ZA,-33.918,25.5701,65.1,92,38,5.99,scattered clouds
7,Rikitea,PF,-23.1203,-134.9692,73.13,71,82,12.88,broken clouds
8,Barrow,US,71.2906,-156.7887,28.42,93,100,9.22,mist
9,Boma,GH,7.0805,-2.1697,72.46,92,94,2.51,overcast clouds
10,Pochutla,MX,15.7432,-96.4661,82.22,83,33,1.52,light rain
11,Qaanaaq,GL,77.484,-69.3632,-23.01,80,16,3.91,few clouds
12,East London,ZA,-33.0153,27.9116,70.83,92,100,3.33,overcast clouds
13,Port Blair,IN,11.6667,92.75,80.33,84,93,6.4,overcast clouds
14,Souillac,MU,-20.5167,57.5167,70.18,88,40,4.61,light rain
15,New Norfolk,AU,-42.7826,147.0587,58.71,38,7,2.68,clear sky
16,Kapaa,US,22.0752,-159.319,84.18,73,95,5.01,overcast clouds
17,Eureka,US,40.8021,-124.1637,53.62,78,100,10.0,moderate rain
18,Boddam,GB,57.4667,-1.7833,43.48,80,98,22.64,overcast clouds
19,Butaritari,KI,3.0707,172.7902,81.32,76,21,12.46,light rain
20,Pemba,MZ,-12.974,40.5178,77.05,78,8,8.41,light rain
21,Ilulissat,GL,69.2167,-51.1,23.02,80,100,27.63,light snow
22,Bredasdorp,ZA,-34.5322,20.0403,62.94,80,76,2.68,broken clouds
23,Busselton,AU,-33.65,115.3333,64.76,72,100,8.66,overcast clouds
24,Ushuaia,AR,-54.8,-68.3,41.83,85,72,8.66,broken clouds
25,Saint-Augustin,CA,51.226,-58.6502,4.05,94,87,1.48,overcast clouds
26,Tuktoyaktuk,CA,69.4541,-133.0374,2.91,96,100,6.29,light snow
27,Vila Franca Do Campo,PT,37.7167,-25.4333,60.19,86,37,4.43,scattered clouds
28,Talnakh,RU,69.4865,88.3972,-2.54,99,99,5.3,overcast clouds
29,Saint-Philippe,RE,-21.3585,55.7679,74.79,78,25,8.03,scattered clouds
30,Jamestown,US,42.097,-79.2353,30.02,85,100,21.85,overcast clouds
31,Hermanus,ZA,-34.4187,19.2345,63.73,82,74,2.15,broken clouds
32,Vaini,TO,-21.2,-175.2,82.56,83,75,10.36,light intensity shower rain
33,Acapulco,MX,16.8634,-99.8901,82.22,74,40,4.61,scattered clouds
34,Atuona,PF,-9.8,-139.0333,77.95,74,65,13.2,light rain
35,Auki,SB,-8.7676,160.7034,81.86,80,97,5.1,overcast clouds
36,Arraial Do Cabo,BR,-22.9661,-42.0278,74.19,91,100,22.55,light rain
37,Avarua,CK,-21.2078,-159.775,82.45,74,40,18.41,scattered clouds
38,Norman Wells,CA,65.282,-126.8329,2.68,97,100,2.3,light snow
39,Kon Tum,VN,14.35,108.0,69.73,87,80,3.04,broken clouds
40,Port Alfred,ZA,-33.5906,26.891,64.18,94,100,6.02,overcast clouds
41,Lugoba,TZ,-6.45,38.3333,71.06,98,100,2.55,overcast clouds
42,Ribeira Grande,PT,38.5167,-28.7,61.77,76,12,5.99,few clouds
43,Alanya,TR,36.5438,31.9998,60.93,81,94,4.21,light rain
44,Hirara,JP,24.8,125.2833,72.37,78,100,27.69,overcast clouds
45,Hilo,US,19.7297,-155.09,87.28,82,75,6.91,broken clouds
46,Grindavik,IS,63.8424,-22.4338,43.27,87,75,24.16,broken clouds
47,Adrar,MR,20.5022,-10.0711,65.19,21,42,9.04,scattered clouds
48,Stornoway,GB,58.2093,-6.3865,49.96,94,100,24.16,overcast clouds
49,Fort Nelson,CA,58.8053,-122.7002,-12.35,96,8,2.86,clear sky
50,Moron,AR,-34.6534,-58.6198,73.15,79,91,11.23,overcast clouds
51,Viedma,AR,-40.8135,-62.9967,58.37,56,68,13.29,broken clouds
52,Punta Arenas,CL,-53.15,-70.9167,51.12,67,99,20.36,overcast clouds
53,Sitka,US,57.0531,-135.33,24.08,42,1,4.54,clear sky
54,Hobart,AU,-42.8794,147.3294,59.05,54,75,13.8,broken clouds
55,Qesarya,IL,32.5189,34.9046,64.09,74,1,4.81,clear sky
56,West Bay,KY,19.3667,-81.4167,82.47,81,20,10.36,few clouds
57,Morbegno,IT,46.1383,9.57,44.4,81,85,4.45,overcast clouds
58,Yarensk,RU,62.1675,49.0916,19.04,97,93,3.02,overcast clouds
59,Albany,US,42.6001,-73.9662,45.95,75,100,1.99,overcast clouds
60,Bengkulu,ID,-3.8004,102.2655,75.4,82,93,2.59,light rain
61,Mar Del Plata,AR,-38.0023,-57.5575,64.09,98,100,13.8,moderate rain
62,Ambagarh Chauki,IN,20.7833,80.7167,58.6,69,0,3.38,clear sky
63,Praia Da Vitoria,PT,38.7333,-27.0667,59.76,84,44,5.55,scattered clouds
64,Fortuna,US,40.5982,-124.1573,52.36,78,100,10.0,light rain
65,Vestmannaeyjar,IS,63.4427,-20.2734,45.91,70,86,24.18,overcast clouds
66,Broome,US,42.2506,-75.833,39.33,76,100,13.8,overcast clouds
67,Muisne,EC,0.6,-80.0333,75.52,79,80,9.73,broken clouds
68,Faanui,PF,-16.4833,-151.75,80.51,76,15,14.27,few clouds
69,Sinnamary,GF,5.3833,-52.95,76.66,88,76,9.62,broken clouds
70,Mogok,MM,22.9167,96.5,59.11,90,0,1.5,clear sky
71,Kloulklubed,PW,7.0419,134.2556,82.9,76,99,17.45,overcast clouds
72,Mahebourg,MU,-20.4081,57.7,72.25,88,40,4.61,scattered clouds
73,Rocha,UY,-34.4833,-54.3333,68.45,88,18,12.5,few clouds
74,Zhumadian,CN,32.9794,114.0294,28.72,46,97,1.41,overcast clouds
75,Benemerito De Las Americas,MX,16.5167,-90.6439,71.56,96,45,0.47,scattered clouds
76,Belaya,UA,49.029,25.7706,28.63,91,61,6.11,broken clouds
77,Flin Flon,CA,54.7682,-101.865,-14.06,97,53,3.02,broken clouds
78,Konosha,RU,60.9736,40.257,9.57,97,88,2.59,overcast clouds
79,Kaitangata,NZ,-46.2817,169.8464,55.76,70,36,11.83,scattered clouds
80,Ponta Do Sol,PT,32.6667,-17.1,68.72,77,20,5.86,few clouds
81,Hasaki,JP,35.7333,140.8333,50.4,75,100,20.76,overcast clouds
82,Kamenka,RU,51.3223,42.7678,21.29,56,1,6.22,clear sky
83,Thompson,CA,55.7435,-97.8558,-16.17,92,21,6.51,few clouds
84,Talaya,RU,61.3833,152.75,-20.87,98,100,3.24,overcast clouds
85,Airai,TL,-8.9266,125.4092,67.71,77,98,1.32,overcast clouds
86,Santa Fe,AR,-31.6333,-60.7,81.01,61,97,5.99,light rain
87,Camana,PE,-16.6228,-72.7111,67.59,82,15,7.25,few clouds
88,Codrington,AU,-38.2667,141.9667,61.36,72,91,10.78,overcast clouds
89,Lebu,CL,-37.6167,-73.65,53.35,74,0,21.81,clear sky
90,Molchanovo,RU,57.5817,83.7692,-20.97,100,7,2.39,clear sky
91,Chinhoyi,ZW,-17.3667,30.2,60.82,78,36,4.68,scattered clouds
92,At-Bashi,KG,41.1702,75.8106,11.93,72,17,2.53,few clouds
93,Sao Joao Da Barra,BR,-21.6403,-41.0511,74.17,92,96,13.56,light rain
94,Tura,IN,25.5198,90.2201,60.22,88,1,3.67,clear sky
95,Henties Bay,NA,-22.116,14.2845,60.35,89,9,5.5,clear sky
96,Kahului,US,20.8947,-156.47,83.97,74,40,12.66,scattered clouds
97,Bethel,US,41.3712,-73.414,54.43,64,100,13.8,overcast clouds
98,Altay,CN,47.8667,88.1167,0.54,48,87,7.96,overcast clouds
99,Novoagansk,RU,61.9449,76.6625,-18.26,100,27,1.34,scattered clouds
100,Aswan,EG,24.0934,32.907,65.68,39,40,6.87,scattered clouds
101,Moss Vale,AU,-34.55,150.3833,63.16,47,83,6.44,broken clouds
102,Hirado,JP,33.3597,129.5531,45.39,61,79,20.0,broken clouds
103,Filadelfia,US,39.9523,-75.1638,52.23,62,100,17.27,overcast clouds
104,Nanortalik,GL,60.1432,-45.2371,28.26,78,99,34.67,overcast clouds
105,Cherskiy,RU,68.75,161.3,7.12,96,100,6.22,light snow
106,Kushiro,JP,42.975,144.3747,26.76,43,22,23.4,few clouds
107,Camacupa,AO,-12.0167,17.4833,60.22,97,77,2.46,light rain
108,Korla,CN,41.7597,86.1469,14.05,21,51,4.74,broken clouds
109,Oktyabrskoye,RU,43.0645,44.7417,30.34,100,100,0.0,overcast clouds
110,Vostok,RU,46.4856,135.8833,-6.43,92,100,12.64,overcast clouds
111,Lagoa,PT,39.05,-27.9833,61.7,75,2,5.97,clear sky
112,Soyo,AO,-6.1349,12.3689,77.05,81,67,4.7,broken clouds
113,Yellowknife,CA,62.456,-114.3525,-17.45,82,79,4.0,broken clouds
114,Maldonado,UY,-34.6667,-54.9167,73.22,83,18,15.73,few clouds
115,Doha,QA,25.2867,51.5333,73.38,83,0,3.44,clear sky
116,Bemidji,US,47.4736,-94.8803,7.92,84,0,12.66,clear sky
117,Castro,BR,-24.7911,-50.0119,61.07,97,92,4.9,overcast clouds
118,Puerto Ayora,EC,-0.7393,-90.3518,70.56,89,58,7.0,broken clouds
119,Hay River,CA,60.8156,-115.7999,-14.93,94,40,7.54,scattered clouds
120,Hualmay,PE,-11.0964,-77.6139,67.41,84,60,7.4,broken clouds
121,Fairbanks,US,64.8378,-147.7164,6.22,79,100,0.0,overcast clouds
122,Guerrero Negro,MX,27.9769,-114.0611,61.99,67,41,13.91,scattered clouds
123,Santa Quiteria Do Maranhao,BR,-3.5156,-42.5467,76.73,87,93,3.87,overcast clouds
124,Khandagayty,RU,50.7333,92.05,-18.24,91,94,5.5,overcast clouds
125,Lakes Entrance,AU,-37.8811,147.981,65.16,65,34,7.14,scattered clouds
126,Aykhal,RU,66.0,111.5,-25.87,98,99,14.32,light snow
127,College,US,64.8569,-147.8028,6.21,79,100,0.0,overcast clouds
128,Grand Baie,MU,-20.0182,57.5802,72.45,75,55,3.0,broken clouds
129,Valparaiso,CL,-33.0393,-71.6273,60.44,77,20,4.61,few clouds
130,Usakos,NA,-22.0,15.6,76.91,34,12,2.57,few clouds
131,Palekh,RU,56.8028,41.8572,8.51,97,67,2.33,broken clouds
132,Severobaykalsk,RU,55.65,109.3167,-3.71,80,100,6.46,overcast clouds
133,Saldanha,ZA,-33.0117,17.9442,62.56,90,52,8.08,broken clouds
134,Saint George,US,37.1041,-113.5841,55.26,26,0,5.75,clear sky
135,Nikolskoye,RU,59.7035,30.7861,24.69,91,98,3.31,overcast clouds
136,Bambous Virieux,MU,-20.3428,57.7575,72.21,88,40,4.61,light rain
137,Kashi,CN,39.4547,75.9797,17.98,25,47,1.5,scattered clouds
138,Canutama,BR,-6.5339,-64.3831,78.94,82,78,1.86,broken clouds
139,Banda Aceh,ID,5.5577,95.3222,77.86,80,99,3.2,overcast clouds
140,Ixtapa,MX,20.7,-105.2,77.23,78,40,5.75,scattered clouds
141,Iqaluit,CA,63.7506,-68.5145,-20.31,68,68,11.99,broken clouds
142,Nangomba,TZ,-10.9,38.5,71.94,88,30,2.3,light rain
143,Ha Giang,VN,22.8333,104.9833,65.37,98,100,2.35,overcast clouds
144,Sawtell,AU,-30.3833,153.1,63.19,94,100,10.36,light rain
145,Mutis,CO,6.2262,-77.4044,76.59,89,97,2.73,light rain
146,Saurimo,AO,-9.6608,20.3916,62.2,97,99,1.41,light rain
147,Tiksi,RU,71.6872,128.8694,-11.16,99,100,14.65,overcast clouds
148,Vardo,NO,70.3705,31.1107,31.98,80,100,5.75,overcast clouds
149,Lima,PE,-12.0432,-77.0282,68.25,68,0,14.97,clear sky
150,Puerto Suarez,BO,-18.95,-57.8,77.14,68,89,9.82,overcast clouds
151,Kilindoni,TZ,-7.9139,39.6668,79.25,82,62,9.44,broken clouds
152,Along,IN,28.1667,94.7667,53.83,68,24,1.74,few clouds
153,Kodiak,US,57.79,-152.4072,26.11,63,0,3.44,clear sky
154,Chokurdakh,RU,70.6333,147.9167,0.03,97,100,9.95,light snow
155,Qarchi Gak,AF,37.04,66.7889,50.85,67,100,12.08,overcast clouds
156,Dikson,RU,73.5069,80.5464,22.46,95,100,12.12,overcast clouds
157,Tilichiki,RU,60.4667,166.1,31.3,98,100,33.31,heavy snow
158,Musoma,TZ,-1.5,33.8,68.77,80,100,6.29,light rain
159,La Marque,US,29.3686,-94.9713,60.01,52,1,5.01,clear sky
160,Saint-Pierre,RE,-21.3393,55.4781,74.88,60,40,6.91,scattered clouds
161,Vestmanna,FO,62.1564,-7.1664,47.32,100,100,25.32,mist
162,Araouane,ML,18.9048,-3.5265,72.57,16,99,9.48,overcast clouds
163,Praia,CV,14.9215,-23.5087,74.39,66,75,12.24,broken clouds
164,Port Lincoln,AU,-34.7333,135.8667,63.07,67,10,12.3,clear sky
165,Hithadhoo,MV,-0.6,73.0833,80.62,73,56,7.74,broken clouds
166,Te Anau,NZ,-45.4167,167.7167,59.38,55,82,4.83,broken clouds
167,Mendi,PG,-6.1761,143.6513,67.84,63,98,3.04,overcast clouds
168,Havre-Saint-Pierre,CA,50.2334,-63.5986,30.52,82,99,21.12,overcast clouds
169,Flinders,AU,-34.5833,150.8552,71.19,65,96,4.0,overcast clouds
170,Jaguarari,BR,-10.2639,-40.1958,70.43,82,99,3.6,light rain
171,Yulara,AU,-25.2406,130.9889,81.16,16,1,11.86,clear sky
172,Grasse,FR,43.6667,6.9167,45.79,85,100,0.0,overcast clouds
173,Berlevag,NO,70.8578,29.0864,32.0,86,40,9.22,scattered clouds
174,Mancio Lima,BR,-7.6142,-72.8958,84.15,53,87,5.41,overcast clouds
175,Yar-Sale,RU,66.8333,70.8333,-10.48,100,20,3.65,few clouds
176,Provideniya,RU,64.3833,-173.3,28.51,74,0,4.47,clear sky
177,Bluff,NZ,-46.6,168.3333,50.81,63,81,19.19,broken clouds
178,Naze,JP,28.3667,129.4833,59.43,76,100,19.48,overcast clouds
179,Osakarovka,KZ,50.565,72.5692,5.4,72,100,20.18,overcast clouds
180,Altus,US,34.6381,-99.334,40.51,62,0,6.91,clear sky
181,Miranda,CO,3.2499,-76.2281,66.09,91,86,3.49,overcast clouds
182,Sao Filipe,CV,14.8961,-24.4956,75.6,64,75,8.46,broken clouds
183,Belmonte,BR,-15.8631,-38.8828,76.89,90,100,9.57,light rain
184,Ostrovnoy,RU,68.0531,39.5131,21.76,91,91,6.96,overcast clouds
185,Cape Town,ZA,-33.9258,18.4232,71.38,80,65,3.0,broken clouds
186,Niltepec,MX,16.5667,-94.6167,79.34,76,28,9.84,scattered clouds
187,Touros,BR,-5.1989,-35.4608,78.91,69,100,11.54,overcast clouds
188,Mildura,AU,-34.2,142.15,69.08,56,20,14.81,few clouds
189,Walvis Bay,NA,-22.9575,14.5053,61.34,83,23,4.97,few clouds
190,Kapustin Yar,RU,48.5831,45.7372,23.11,44,1,8.59,clear sky
191,Devils Lake,US,48.1128,-98.8651,3.18,85,0,0.0,clear sky
192,Ossora,RU,59.2353,163.0719,35.02,99,100,14.41,snow
193,Tuatapere,NZ,-46.1333,167.6833,53.58,74,93,9.55,overcast clouds
194,Atbasar,KZ,51.8,68.3333,7.45,77,100,15.75,overcast clouds
195,Laukaa,RU,58.7372,29.8453,17.42,96,61,3.0,broken clouds
196,Salamanca,ES,40.8333,-6.0,41.0,88,100,6.08,overcast clouds
197,Shingu,JP,33.7333,135.9833,49.05,59,65,5.53,broken clouds
198,Mangualde,PT,40.6043,-7.7612,44.69,90,100,6.69,overcast clouds
199,Abu Samrah,SY,35.3029,37.1841,53.49,91,79,3.71,broken clouds
200,Benoy,TD,8.9833,16.3199,71.83,30,88,5.03,overcast clouds
201,Seoul,KR,37.5683,126.9778,20.64,22,19,0.81,few clouds
202,Upernavik,GL,72.7868,-56.1549,7.43,91,100,18.95,light snow
203,Kachug,RU,53.9606,105.8817,0.52,93,100,8.48,light snow
204,Hobyo,SO,5.3505,48.5268,79.0,77,17,11.07,few clouds
205,Puri,IN,19.8,85.85,70.32,72,4,7.85,clear sky
206,Marondera,ZW,-18.1853,31.5519,50.72,80,0,4.56,clear sky
207,Mount Isa,AU,-20.7333,139.5,83.97,30,0,13.8,clear sky
208,Haines Junction,CA,60.7522,-137.5108,-0.42,86,99,0.92,overcast clouds
209,Banyo,CM,6.75,11.8167,67.19,41,100,2.59,overcast clouds
210,Bereda,ES,43.2686,-7.5406,43.57,100,65,3.62,broken clouds
211,Makakilo City,US,21.3469,-158.0858,83.95,63,100,10.36,overcast clouds
212,Cidreira,BR,-30.1811,-50.2056,70.59,93,99,15.79,light rain
213,Birjand,IR,32.8663,59.2211,50.63,36,100,3.83,overcast clouds
214,Santa Elena,EC,-2.2333,-80.85,71.91,80,52,10.27,broken clouds
215,Bakchar,RU,57.0186,82.0711,-17.41,100,22,2.26,few clouds
216,Korsakov,RU,46.6328,142.7813,13.84,76,93,23.58,overcast clouds
217,Sechura,PE,-5.5569,-80.8222,70.27,73,35,14.05,scattered clouds
218,Amahai,ID,-3.3333,128.9167,80.38,81,100,2.77,overcast clouds
219,Merauke,ID,-8.4667,140.3333,81.14,81,100,11.56,overcast clouds
220,Gunjur,GM,13.2019,-16.7339,77.27,68,38,11.48,scattered clouds
221,Trinidad,BO,-14.8333,-64.9,83.46,52,17,5.41,few clouds
222,Mlimba,TZ,-8.8,35.8167,71.56,93,53,1.39,light rain
223,Pingliang,CN,35.5392,106.6861,18.19,29,93,1.1,overcast clouds
224,Lasa,IT,46.6166,10.7002,32.02,86,99,2.28,overcast clouds
225,Paamiut,GL,61.994,-49.6678,25.36,85,100,44.63,overcast clouds
226,Isangel,VU,-19.55,169.2667,85.1,69,100,9.28,overcast clouds
227,Muros,ES,42.7762,-9.0603,47.08,93,95,5.84,overcast clouds
228,Lavrentiya,RU,65.5833,-171.0,19.69,92,28,8.86,scattered clouds
229,Khatanga,RU,71.9667,102.5,-28.41,96,81,7.07,broken clouds
230,Hofn,IS,64.2539,-15.2082,47.61,99,100,15.12,overcast clouds
231,Luorong,CN,24.4058,109.6086,39.22,85,100,14.54,overcast clouds
232,Saskylakh,RU,71.9167,114.0833,-27.26,99,100,8.28,overcast clouds
233,Kalabo,ZM,-14.97,22.6814,70.79,67,35,4.59,scattered clouds
234,Ginda,IN,30.6945,78.4932,47.16,17,0,7.74,clear sky
235,Carnarvon,AU,-24.8667,113.6333,71.78,72,5,11.14,clear sky
236,Havelock,US,34.8791,-76.9013,66.18,90,0,8.05,clear sky
237,Chone,EC,-0.6833,-80.1,75.56,74,76,9.86,broken clouds
238,Oranjemund,NA,-28.55,16.4333,60.98,88,0,6.11,clear sky
239,Zorgo,BF,12.2489,-0.6158,76.41,19,57,7.94,broken clouds
240,Takoradi,GH,4.8845,-1.7554,78.85,83,95,5.39,overcast clouds
241,Constantine,DZ,36.365,6.6147,43.77,81,42,3.62,scattered clouds
242,Kichmengskiy Gorodok,RU,59.9816,45.7854,7.27,98,65,2.04,broken clouds
243,Vila Velha,BR,-20.3297,-40.2925,76.95,94,100,9.22,overcast clouds
244,Kununurra,AU,-15.7667,128.7333,87.78,40,93,3.44,overcast clouds
245,Virginia Beach,US,36.8529,-75.978,62.02,92,75,9.22,broken clouds
246,Cabo San Lucas,MX,22.8909,-109.9124,78.62,69,0,10.36,clear sky
247,Molodizhne,UA,48.1773,32.6601,29.55,53,95,10.85,overcast clouds
248,Sao Felix Do Xingu,BR,-6.6447,-51.995,70.93,97,99,2.17,overcast clouds
249,Meulaboh,ID,4.1363,96.1285,75.42,88,100,3.36,overcast clouds
250,Victoria,HK,22.2855,114.1577,62.26,77,100,11.99,overcast clouds
251,Marystown,CA,47.1666,-55.1483,29.32,63,7,5.28,clear sky
252,Krasnoye,UA,49.9145,24.6134,29.43,95,90,6.08,overcast clouds
253,Mogadishu,SO,2.0371,45.3438,79.2,77,77,12.15,broken clouds
254,Mindelo,CV,16.8901,-24.9804,72.95,68,33,15.73,scattered clouds
255,Santa Luzia,BR,-19.7697,-43.8514,72.5,93,68,3.44,broken clouds
256,Santa Rosa,PH,14.3122,121.1114,81.1,96,99,12.01,overcast clouds
257,Dhidhdhoo,MV,6.8833,73.1,81.27,68,15,1.54,few clouds
258,Baruun-Urt,MN,46.6806,113.2792,-9.09,77,2,12.44,clear sky
259,Longyearbyen,SJ,78.2186,15.6401,33.37,92,87,9.71,overcast clouds
260,Amalfi,CO,6.9102,-75.0776,59.0,99,67,2.57,broken clouds
261,Novyy Urengoy,RU,66.0833,76.6333,-6.0,98,33,7.72,scattered clouds
262,Punto Fijo,VE,11.6956,-70.1996,79.86,76,14,15.05,few clouds
263,Swan Hill,AU,-35.3378,143.5544,68.9,47,5,12.88,clear sky
264,Kulhudhuffushi,MV,6.6221,73.07,81.12,68,20,1.66,light rain
265,Paka,MY,4.6374,103.4368,75.38,86,87,6.13,overcast clouds
266,Mecca,SA,21.4267,39.8261,77.13,73,22,2.82,few clouds
267,Eganville,CA,45.5334,-77.0994,33.51,73,88,13.76,overcast clouds
268,Kijang,KR,35.2442,129.2139,33.4,27,83,4.5,broken clouds
269,Aleppo,SY,36.25,37.5,53.51,85,55,7.65,broken clouds
270,Leningradskiy,RU,69.3833,178.4167,11.61,90,97,7.56,overcast clouds
271,Ifo,NG,6.8144,3.1958,77.85,81,64,3.71,broken clouds
272,Purpe,RU,64.4803,76.6897,-12.96,97,16,6.67,few clouds
273,Garowe,SO,8.4054,48.4845,70.47,77,5,6.73,clear sky
274,Akcakoca,TR,41.0866,31.1162,52.99,84,100,0.92,overcast clouds
275,Morwa,IN,22.9,73.8333,62.08,44,0,8.72,clear sky
276,Kamuli,UG,0.9472,33.1197,65.25,90,100,2.77,overcast clouds
277,Adre,TD,13.4667,22.2,71.8,26,43,8.23,scattered clouds
278,Zaranj,AF,30.9667,61.8833,54.28,53,100,14.56,overcast clouds
279,Fallon,US,39.4735,-118.7774,55.27,21,75,5.75,broken clouds
280,Rantauprapat,ID,2.1,99.8333,73.71,97,100,1.59,overcast clouds
281,Naberera,TZ,-4.2,36.9333,62.46,91,97,6.42,overcast clouds
282,Zhigansk,RU,66.7697,123.3711,-30.66,99,68,7.31,broken clouds
283,Rimouski,CA,48.4488,-68.524,38.73,89,100,27.07,moderate rain
284,Tirano,IT,46.2154,10.1679,42.19,85,89,4.92,overcast clouds
285,Shimoda,JP,34.6667,138.95,53.1,86,100,13.58,overcast clouds
286,Shelburne,CA,44.0787,-80.2041,26.91,88,84,24.76,light snow
287,Manokwari,ID,-0.8667,134.0833,80.55,76,100,1.01,overcast clouds
288,Dingle,PH,10.9995,122.6711,79.29,87,99,10.69,overcast clouds
289,East Liverpool,US,40.6187,-80.5773,34.65,66,16,12.64,few clouds
290,Comodoro Rivadavia,AR,-45.8667,-67.5,58.86,58,0,13.8,clear sky
291,Cascais,PT,38.6979,-9.4215,56.52,93,88,13.0,overcast clouds
292,Narsaq,GL,60.9167,-46.05,28.62,90,94,5.08,overcast clouds
293,Havoysund,NO,70.9963,24.6622,35.83,83,56,6.91,broken clouds
294,Winnetka,US,42.1081,-87.7359,25.95,64,0,20.71,clear sky
295,Hamilton,US,39.1834,-84.5333,35.6,58,0,10.36,clear sky
296,Kamaishi,JP,39.2667,141.8833,37.54,48,89,2.91,overcast clouds
297,Maicao,CO,11.3832,-72.2432,75.22,85,10,6.2,clear sky
298,Dorado,PR,18.4588,-66.2677,80.96,83,2,10.33,clear sky
299,Uruacu,BR,-14.5247,-49.1408,70.23,95,46,3.18,scattered clouds
300,Jalu,LY,29.0331,21.5482,56.66,39,0,4.85,clear sky
301,Kirando,TZ,-7.4167,30.6,72.64,80,100,3.2,overcast clouds
302,Aljezur,PT,37.3191,-8.8033,58.32,89,76,3.33,broken clouds
303,Ocampo,MX,21.65,-101.5,58.17,67,11,22.68,few clouds
304,Sola,VU,-13.8833,167.55,82.47,74,76,13.56,broken clouds
305,Veraval,IN,20.9,70.3667,72.16,41,0,11.01,clear sky
306,Dinar,TR,38.065,30.1656,49.96,84,95,7.18,overcast clouds
307,Alice Springs,AU,-23.7,133.8833,78.35,21,0,11.5,clear sky
308,Hindupur,IN,13.8289,77.4933,65.23,78,6,2.73,clear sky
309,Cockburn Town,TC,21.4612,-71.1419,80.73,66,21,19.86,few clouds
310,Concepcion,CL,-36.827,-73.0498,60.6,55,0,14.97,clear sky
311,Ornskoldsvik,SE,63.2909,18.7153,31.15,100,100,2.3,overcast clouds
312,Xuanzhou,CN,30.9525,118.7553,32.34,77,100,3.6,overcast clouds
313,Esperance,AU,-33.8667,121.9,74.93,46,11,16.15,few clouds
314,Geraldton,AU,-28.7667,114.6,70.21,64,100,8.05,overcast clouds
315,Olafsvik,IS,64.8945,-23.7142,43.79,74,76,33.78,broken clouds
316,Tocopilla,CL,-22.092,-70.1979,67.24,67,4,12.44,clear sky
317,Vitim,RU,59.4511,112.5578,-3.03,96,100,8.12,overcast clouds
318,Brawley,US,32.9787,-115.5303,71.85,30,0,5.75,clear sky
319,Margate,GB,51.3813,1.3862,48.69,89,48,1.99,scattered clouds
320,Salalah,OM,17.0151,54.0924,73.49,73,0,4.61,clear sky
321,Clyde River,CA,70.4692,-68.5914,-27.24,92,11,4.32,few clouds
322,Husavik,IS,66.0449,-17.3389,41.81,89,100,10.45,overcast clouds
323,Westport,US,41.1415,-73.3579,56.07,77,100,15.01,overcast clouds
324,Severo-Kurilsk,RU,50.6789,156.125,30.4,87,66,15.97,snow
325,Padre Paraiso,BR,-17.0742,-41.4844,66.47,97,98,1.68,light rain
326,Ahipara,NZ,-35.1667,173.1667,63.59,63,96,14.67,overcast clouds
327,Mozarlandia,BR,-14.7447,-50.5706,72.84,90,68,8.68,broken clouds
328,Monaghan,IE,54.25,-6.9667,48.38,95,100,9.48,overcast clouds
329,Barra Do Bugres,BR,-15.0725,-57.1811,76.46,68,80,4.27,broken clouds
330,Faya,SA,18.3851,42.4509,50.52,80,73,2.08,broken clouds
331,Jennings,US,38.7192,-90.2604,35.22,51,0,10.36,clear sky
332,Escanaba,US,45.7453,-87.0646,25.11,67,100,17.27,overcast clouds
333,Talakan,RU,50.3167,130.3667,-21.78,99,84,2.95,broken clouds
334,Atar,MR,20.5169,-13.0499,70.18,17,6,7.56,clear sky
335,Tonota,BW,-21.4833,27.4833,66.63,51,0,7.2,clear sky
336,Bilibino,RU,68.0546,166.4372,9.81,93,100,5.99,overcast clouds
337,Severnyy,RU,50.677,36.5532,24.84,63,0,15.66,clear sky
338,Pacific Grove,US,36.6177,-121.9166,56.88,64,0,5.99,clear sky
339,Prince Rupert,CA,54.3161,-130.3201,24.49,44,32,26.46,scattered clouds
340,Pisco,PE,-13.7,-76.2167,68.05,77,0,18.41,clear sky
341,Taoudenni,ML,22.6783,-3.9836,64.09,21,0,9.06,clear sky
342,Lively,CA,46.4334,-81.1498,30.02,64,73,15.7,broken clouds
343,San Cristobal,VE,7.7669,-72.225,65.32,95,68,4.47,broken clouds
344,San Ramon,US,37.7799,-121.978,57.58,56,0,9.22,clear sky
345,Sioux Lookout,CA,50.1001,-91.917,11.39,87,100,14.65,overcast clouds
346,Carbonia,IT,39.1672,8.5222,44.01,77,7,2.48,clear sky
347,Beloha,MG,-25.1667,45.05,69.57,89,100,9.78,light rain
348,Jimeta,NG,9.2833,12.4667,74.21,28,93,1.19,overcast clouds
349,Tirodi,IN,21.6833,79.7,58.78,61,46,4.65,scattered clouds
350,Atambua,ID,-9.1061,124.8925,79.41,76,97,1.07,overcast clouds
351,Lashio,MM,22.9333,97.75,58.46,97,3,1.52,clear sky
352,Cabedelo,BR,-6.9811,-34.8339,81.27,73,99,10.56,overcast clouds
353,Octeville,FR,49.6261,-1.6435,41.49,93,40,5.75,scattered clouds
354,Asau,RO,46.4333,26.4,33.28,95,100,3.02,overcast clouds
355,Severomorsk,RU,69.0689,33.4162,30.6,93,99,6.76,overcast clouds
356,Komsomolskiy,UZ,40.4272,71.7189,48.92,66,40,16.11,scattered clouds
357,Musafirkhana,IN,26.3667,81.8,58.96,56,0,4.74,clear sky
358,Grand Gaube,MU,-20.0064,57.6608,72.37,75,57,3.0,broken clouds
359,Manta,EC,-0.95,-80.7333,73.18,78,75,11.5,broken clouds
360,Matay,EG,28.419,30.7792,59.7,49,0,1.7,clear sky
361,Christchurch,NZ,-43.5333,172.6333,63.95,55,20,3.44,few clouds
362,Aden,YE,12.7794,45.0367,78.89,73,1,13.38,clear sky
363,Ayame,CI,5.6083,-3.1563,73.98,94,79,1.66,light rain
364,Poso,ID,-1.3959,120.7524,80.38,77,100,2.98,overcast clouds
365,Boda,CF,4.3189,17.4695,69.39,97,100,2.19,overcast clouds
366,Jalalabad,AF,34.4265,70.4515,56.88,26,30,1.66,scattered clouds
367,San Policarpo,PH,12.1791,125.5072,82.38,83,96,14.85,overcast clouds
368,Bismil,TR,37.8486,40.6658,53.33,76,96,3.18,overcast clouds
369,Juanjui,PE,-7.1779,-76.7314,82.56,63,94,1.68,overcast clouds
370,Pangnirtung,CA,66.1451,-65.7125,-20.18,84,14,3.71,few clouds
371,Tasiilaq,GL,65.6145,-37.6368,37.56,94,100,23.53,light rain
372,Yerbogachen,RU,61.2767,108.0108,-8.9,98,100,6.26,overcast clouds
373,Fukue,JP,32.6881,128.8419,44.96,57,75,13.8,broken clouds
374,Puerto Carreno,CO,6.189,-67.4859,77.25,74,59,11.18,broken clouds
375,Chitral,PK,35.8462,71.7858,42.42,40,53,6.46,broken clouds
376,Quesnel,CA,52.9999,-122.5029,5.9,92,100,8.68,light snow
377,Kirensk,RU,57.7853,108.1119,-3.46,95,100,8.1,overcast clouds
378,Pringsewu,ID,-5.3582,104.9744,77.02,82,100,4.27,overcast clouds
379,Georgetown,MY,5.4112,100.3354,80.24,91,20,4.61,mist
380,Beaverlodge,CA,55.2166,-119.4361,-8.25,96,100,8.95,overcast clouds
381,Peleduy,RU,59.6289,112.7406,-2.97,96,100,7.96,overcast clouds
382,Koutsouras,GR,35.0339,25.9469,61.11,73,69,15.97,light rain
383,Waverly,US,42.7392,-84.6208,29.98,71,100,19.57,overcast clouds
384,Cilaos,RE,-21.1336,55.4719,59.54,82,75,0.2,broken clouds
385,Vao,NC,-22.6667,167.4833,78.57,81,61,5.41,broken clouds
386,Povorino,RU,51.1945,42.2457,21.61,50,8,6.26,clear sky
387,Taltal,CL,-25.4,-70.4833,64.51,81,29,4.43,scattered clouds
388,Naples,IT,40.8333,14.25,53.65,73,40,5.99,scattered clouds
389,Kruisfontein,ZA,-34.0033,24.7314,62.89,78,15,2.3,few clouds
390,Sogne,NO,58.0833,7.8167,37.69,94,99,12.73,overcast clouds
391,Goundi,TD,9.3627,17.366,73.53,27,100,4.38,overcast clouds
392,Newport,GB,51.5877,-2.9984,42.1,77,35,2.93,scattered clouds
393,Carbondale,US,37.7273,-89.2168,35.89,45,0,5.75,clear sky
394,Aban,RU,56.67,96.06,-2.69,91,96,15.46,overcast clouds
395,Coahuayana,MX,18.7333,-103.6833,79.07,81,32,3.2,scattered clouds
396,Baiyin,CN,36.5583,104.2081,15.69,34,95,1.99,overcast clouds
397,Santa Isabel Do Rio Negro,BR,-0.4139,-65.0192,75.2,94,98,2.44,overcast clouds
398,Loukhi,RU,66.0764,33.0381,26.06,96,100,4.25,light snow
399,Ayagoz,KZ,47.9714,80.4392,9.19,83,100,6.67,overcast clouds
400,Coihueco,CL,-36.6167,-71.8333,68.74,46,0,6.91,clear sky
401,Novi Sanzhary,UA,49.3439,34.3108,30.72,47,99,14.85,overcast clouds
402,Mitsamiouli,KM,-11.3847,43.2844,77.74,76,1,4.61,clear sky
403,Baglung,NP,28.2719,83.5898,53.92,41,0,5.73,clear sky
404,Khuzdar,PK,27.7384,66.6434,56.19,26,84,3.67,broken clouds
405,Sakaraha,MG,-22.9,44.5333,68.2,84,100,2.66,overcast clouds
406,Darnah,LY,32.767,22.6367,60.28,77,12,16.02,few clouds
407,Yanji,CN,42.9075,129.5078,7.09,61,81,14.43,broken clouds
408,Zaoyang,CN,32.1272,112.7542,30.79,55,66,5.86,broken clouds
409,Raychikhinsk,RU,49.7838,129.4121,-22.07,94,15,6.93,few clouds
410,Conde,BR,-7.2597,-34.9075,80.06,74,75,4.61,broken clouds
411,Mehamn,NO,71.0357,27.8492,31.95,86,75,8.05,broken clouds
412,Luganville,VU,-15.5333,167.1667,85.98,69,93,10.92,overcast clouds
413,Eggenfelden,DE,48.4054,12.7626,36.82,96,100,2.75,overcast clouds
414,Vanimo,PG,-2.6741,141.3028,81.32,84,100,3.6,overcast clouds
415,Champerico,GT,14.3,-91.9167,80.15,80,13,6.87,light rain
416,Brae,GB,60.3964,-1.353,48.33,81,99,23.78,overcast clouds
417,Santa Maria,BR,-29.6842,-53.8069,75.97,66,52,10.45,broken clouds
418,Klyuchi,RU,52.2667,79.1667,-5.69,85,16,9.13,few clouds
419,Jacareacanga,BR,-6.2222,-57.7528,78.44,80,96,2.86,overcast clouds
420,Klaksvik,FO,62.2266,-6.589,49.12,97,100,31.88,light rain
421,Uige,AO,-7.6087,15.0613,65.88,98,100,1.72,overcast clouds
422,Nome,US,64.5011,-165.4064,26.67,80,0,10.36,clear sky
423,Alta Floresta,BR,-9.8756,-56.0861,72.59,91,70,3.11,broken clouds
424,Alugan,PH,12.2188,125.4808,81.97,84,93,13.94,overcast clouds
425,Palmer,US,42.1584,-72.3287,57.61,73,100,31.07,light rain
426,Hun,LY,29.1268,15.9477,53.29,45,0,3.02,clear sky
427,Constitucion,CL,-35.3333,-72.4167,55.11,79,0,14.07,clear sky
428,Labuan,MY,5.2767,115.2417,80.96,89,20,2.3,few clouds
429,Port Hueneme,US,34.1478,-119.1951,62.33,71,100,9.22,overcast clouds
430,Gravdal,NO,68.1214,13.5031,40.35,74,100,8.16,overcast clouds
431,Ko Samui,TH,9.5357,99.9357,78.71,94,20,0.0,few clouds
432,Katra,IN,32.9833,74.95,52.0,30,31,8.16,scattered clouds
433,Port Hardy,CA,50.6996,-127.4199,32.18,74,75,17.27,broken clouds
434,Ancud,CL,-41.8697,-73.8203,48.22,67,16,2.71,few clouds
435,San Jose,US,37.3394,-121.895,60.94,47,75,9.22,broken clouds
436,Srednekolymsk,RU,67.45,153.6833,-12.05,98,100,4.56,overcast clouds
437,Anloga,GH,5.7947,0.8973,80.49,81,82,8.3,broken clouds
438,Port Hedland,AU,-20.3167,118.5667,89.65,45,53,8.05,broken clouds
439,Tezu,IN,27.9167,96.1667,62.73,45,26,4.36,scattered clouds
440,Herat,AF,34.5,62.0,43.29,75,100,10.58,overcast clouds
441,Dickinson,US,29.4608,-95.0513,59.99,50,0,13.8,clear sky
442,Dmitrov,RU,56.35,37.5167,9.25,93,85,5.26,overcast clouds
443,Bacungan,PH,9.9106,118.7022,81.79,78,98,5.44,overcast clouds
444,Ketchikan,US,55.3422,-131.6461,25.27,30,0,13.8,clear sky
445,Kismayo,SO,-0.3582,42.5454,78.78,78,69,14.05,broken clouds
446,Marzuq,YE,14.4,46.4667,60.49,69,0,1.88,clear sky
447,Miguel Alves,BR,-4.1656,-42.8953,74.68,94,49,3.96,scattered clouds
448,Bone,DE,51.9669,12.1396,35.89,86,45,5.79,scattered clouds
449,Nabire,ID,-3.3667,135.4833,77.54,91,100,1.83,overcast clouds
450,Pangai,TO,-19.8,-174.35,84.31,70,75,4.61,broken clouds
451,Beli Manastir,HR,45.77,18.6036,40.86,77,99,11.61,overcast clouds
452,Belgrade,RS,44.804,20.4651,40.69,77,0,13.8,clear sky
453,Emirdag,TR,39.0197,31.15,47.17,84,98,4.0,overcast clouds
454,Chuy,UY,-33.6971,-53.4616,69.31,89,5,15.28,clear sky
455,Mattru,SL,7.6244,-11.8332,74.07,95,45,1.1,scattered clouds
456,Bonavista,CA,48.6499,-53.1147,27.9,73,43,8.68,scattered clouds
457,Lorengau,PG,-2.0226,147.2712,85.37,68,96,5.19,overcast clouds
458,Houma,US,29.5958,-90.7195,61.0,58,0,11.5,clear sky
459,Mount Gambier,AU,-37.8333,140.7667,64.29,62,53,7.34,broken clouds
460,Kingman,US,35.1894,-114.053,56.19,37,0,13.8,clear sky
461,Gorele,TR,41.0308,39.0031,55.87,75,17,3.76,few clouds
462,Tiarei,PF,-17.5333,-149.3333,86.02,81,16,13.2,light rain
463,Batemans Bay,AU,-35.7167,150.1833,65.1,67,74,4.56,broken clouds
464,Port Alberni,CA,49.2413,-124.8028,37.24,92,72,3.62,broken clouds
465,Teya,RU,60.3778,92.6267,1.29,97,100,7.85,light snow
466,Fairlie,GB,55.756,-4.8556,42.71,90,100,8.43,overcast clouds
467,Linxia,CN,35.6003,103.2064,17.13,37,75,2.28,broken clouds
468,Quatre Cocos,MU,-20.2078,57.7625,72.09,75,41,7.52,light rain
469,Ugoofaaru,MV,5.6667,73.0,80.76,68,35,1.92,scattered clouds
470,San Lawrenz,MT,36.0553,14.204,57.85,76,14,1.01,few clouds
471,Mujiayingzi,CN,42.1167,118.7833,6.6,40,0,9.55,clear sky
472,Shajapur,IN,23.4333,76.2667,56.79,52,0,4.63,clear sky
473,Kintampo,GH,8.0563,-1.7306,77.97,63,85,4.05,overcast clouds
474,Moroto,UG,2.5345,34.6666,66.85,64,96,6.8,overcast clouds
475,Aksarka,RU,66.5606,67.7975,-7.8,98,12,5.06,few clouds
476,Olivet,FR,47.8622,1.8991,41.11,94,20,4.61,mist
477,Umm Kaddadah,SD,13.6017,26.6876,74.68,20,17,17.43,few clouds
478,Deqing,CN,30.5448,119.9599,36.95,94,100,5.12,light snow
479,Jalingo,NG,8.8833,11.3667,75.81,27,99,3.69,overcast clouds
480,Samana,DO,19.2056,-69.3369,76.96,89,4,7.09,light rain
481,Itarema,BR,-2.9248,-39.9167,79.3,74,88,12.62,overcast clouds
482,Arandis,NA,-22.4167,14.9667,68.2,49,8,2.51,clear sky
483,Gallup,US,35.5281,-108.7426,48.96,26,0,6.91,clear sky
484,Huangzhai,CN,38.0751,112.6595,7.21,17,0,3.51,clear sky
485,Le Marin,MQ,14.4721,-60.8697,76.71,88,20,5.75,few clouds
486,Sistranda,NO,63.7256,8.834,35.56,82,98,7.16,moderate rain
487,Katsuura,JP,35.1333,140.3,53.62,84,100,17.92,overcast clouds
488,Yumen,CN,40.2833,97.2,6.98,77,81,1.59,broken clouds
489,Pevek,RU,69.7008,170.3133,7.43,88,100,1.86,overcast clouds
490,Wuchang,CN,44.9143,127.15,2.62,67,76,12.01,broken clouds
491,Poprad,SK,49.0614,20.298,28.63,93,75,3.44,mist
492,Snezhnogorsk,RU,69.1933,33.2531,29.98,93,100,7.23,overcast clouds
493,Karwar,IN,14.8,74.1333,71.65,53,4,7.83,clear sky
494,Douglas,US,41.3,-96.167,23.4,66,0,0.0,clear sky
495,Bandarbeyla,SO,9.4942,50.8122,77.63,81,5,16.67,light rain
496,Basay,PH,9.4087,122.64,81.97,78,56,13.89,broken clouds
497,Chongqing,CN,29.5628,106.5528,47.23,88,100,4.0,overcast clouds
498,Male,MV,4.1748,73.5089,80.71,67,64,2.84,broken clouds
499,Santiago Del Estero,AR,-27.7951,-64.2615,79.47,51,100,9.44,overcast clouds
500,Kavieng,PG,-2.5744,150.7967,84.38,67,35,3.24,scattered clouds
501,Port-Gentil,GA,-0.7193,8.7815,78.84,85,92,10.89,moderate rain
502,Gimli,CA,50.6336,-96.9907,5.02,72,90,8.05,overcast clouds
503,Dunedin,NZ,-45.8742,170.5036,57.79,70,42,1.01,scattered clouds
504,Qaqortoq,GL,60.7167,-46.0333,20.82,85,89,6.6,overcast clouds
505,Omboue,GA,-1.5746,9.2618,75.88,90,100,4.92,overcast clouds
506,Juba,SS,4.8517,31.5825,74.97,64,88,1.7,overcast clouds
507,Ambilobe,MG,-13.2,49.05,75.42,85,88,0.78,overcast clouds
508,Itupiranga,BR,-5.1347,-49.3267,75.52,95,96,3.33,overcast clouds
509,Kieta,PG,-6.2167,155.6333,85.14,70,92,5.91,light rain
510,Imbituba,BR,-28.24,-48.6703,74.86,98,100,13.53,overcast clouds
511,Sidi Ali,DZ,36.0998,0.4206,54.48,52,95,4.72,overcast clouds
512,Sinjai,ID,-5.1241,120.253,77.31,85,99,3.76,overcast clouds
513,Rio Grande,BR,-32.035,-52.0986,73.51,90,18,16.82,few clouds
514,Contamana,PE,-7.3333,-75.0167,87.04,51,99,5.48,overcast clouds
515,Sorland,NO,67.667,12.6934,40.86,79,99,13.76,overcast clouds
516,Smoky Lake,CA,54.1169,-112.4686,-3.28,84,100,9.22,light snow
517,Cabra,ES,37.4725,-4.4421,48.78,49,100,2.13,overcast clouds
518,Pavilosta,LV,56.8879,21.1859,31.91,91,100,7.43,overcast clouds
519,Okhotsk,RU,59.3833,143.3,-2.16,98,100,13.65,overcast clouds
520,Huicheng,CN,23.0385,116.2899,55.09,81,100,14.0,overcast clouds
521,Salinopolis,BR,-0.6136,-47.3561,78.87,80,75,7.56,broken clouds
522,Biltine,TD,14.5333,20.9167,73.36,21,3,9.78,clear sky
523,Alma,CA,48.5501,-71.6491,35.1,83,100,17.18,light snow
524,Florianopolis,BR,-27.6146,-48.5012,73.13,96,100,16.11,overcast clouds
525,Igarka,RU,67.4667,86.5833,2.84,95,100,12.06,overcast clouds
526,Najran,SA,17.4924,44.1277,56.05,41,40,1.77,scattered clouds
527,Marathon,US,44.9,-89.7668,17.13,75,100,19.57,overcast clouds
528,Torbay,CA,47.6666,-52.7314,23.27,80,0,6.91,clear sky
529,Matagami,CA,49.7502,-77.6328,30.31,80,100,12.66,overcast clouds
530,Arlit,NE,18.7369,7.3853,68.65,22,1,6.35,clear sky
531,Byron Bay,AU,-28.65,153.6167,60.94,90,100,17.87,light rain
532,Port Hawkesbury,CA,45.6169,-61.3485,40.59,79,100,20.0,overcast clouds
533,Turayf,SA,31.6725,38.6637,50.25,93,0,3.44,clear sky
534,Great Yarmouth,GB,52.6083,1.7305,44.85,85,25,8.61,scattered clouds
535,Brokopondo,SR,4.75,-55.1667,75.76,88,21,8.34,few clouds
536,Kenai,US,60.5544,-151.2583,13.14,88,75,4.61,broken clouds
537,Tokmak,UA,47.2514,35.7058,32.92,61,92,14.85,overcast clouds
538,Forasti,RO,47.35,26.4667,37.81,89,93,2.04,overcast clouds
539,Namatanai,PG,-3.6667,152.4333,85.8,64,70,4.18,broken clouds
540,San Patricio,US,28.017,-97.5169,60.84,53,2,12.73,clear sky
541,Lieksa,FI,63.3167,30.0167,27.54,93,100,6.24,overcast clouds
542,Chernyshevskiy,RU,63.0128,112.4714,-23.28,96,85,4.7,overcast clouds
543,Nabannagan,PH,18.0715,121.5338,76.32,93,99,1.9,light rain
544,Guasdualito,VE,7.2424,-70.7324,78.76,83,20,0.0,few clouds
545,Caxito,AO,-8.5785,13.6643,76.17,87,100,2.13,overcast clouds
546,Yambio,SS,4.5721,28.3955,68.49,93,100,3.27,overcast clouds
547,Sampit,ID,-2.5333,112.95,76.98,94,100,3.06,overcast clouds
548,Mlonggo,ID,-6.5333,110.7,78.94,80,89,7.25,overcast clouds
549,Yenagoa,NG,4.9247,6.2642,76.98,89,99,3.15,overcast clouds
550,Kathmandu,NP,27.7167,85.3167,48.42,87,20,0.0,mist
551,Kautokeino,NO,69.0125,23.0412,22.32,97,100,3.83,overcast clouds
552,Kysyl-Syr,RU,63.8986,122.7617,-27.47,98,100,5.37,overcast clouds
553,Todos Santos,MX,23.45,-110.2167,75.43,78,7,6.82,clear sky
554,Egvekinot,RU,66.3167,-179.1667,12.33,90,71,2.06,broken clouds
555,Camacha,PT,33.0833,-16.3333,63.82,88,75,11.5,broken clouds
556,Pimentel,PE,-6.8367,-79.9342,67.21,83,84,12.41,broken clouds
557,Sept-Iles,CA,50.2001,-66.3821,31.05,88,100,28.77,overcast clouds
558,Portland,US,45.5234,-122.6762,43.81,93,97,7.0,overcast clouds
559,Verkhnevilyuysk,RU,63.4453,120.3167,-29.67,98,100,4.88,overcast clouds
560,Mansa,IN,29.9833,75.3833,56.66,34,0,4.54,clear sky
561,Quelimane,MZ,-17.8786,36.8883,69.75,88,0,3.44,clear sky
562,Urengoy,RU,65.9667,78.3667,-9.17,100,87,6.51,overcast clouds
563,High Level,CA,58.5169,-117.136,-18.29,83,20,3.44,few clouds
564,Tessalit,ML,20.1986,1.0114,69.19,20,34,6.78,scattered clouds
565,Ustye,RU,59.6304,39.736,8.91,97,85,2.08,overcast clouds
566,Moses Lake,US,47.1301,-119.2781,21.88,93,0,3.44,clear sky
567,Turukhansk,RU,65.8167,87.9833,5.47,94,100,13.47,overcast clouds
568,Acarau,BR,-2.8856,-40.12,79.41,75,93,13.13,overcast clouds
569,Tra Vinh,VN,9.9347,106.3453,76.64,90,99,5.41,overcast clouds
570,Victoria Point,AU,-27.5833,153.3,66.18,94,100,8.99,light rain
571,Eydhafushi,MV,5.1033,73.0708,80.62,67,72,1.52,broken clouds
572,Palafrugell,ES,41.9174,3.1631,45.36,50,14,1.99,few clouds
573,Piacabucu,BR,-10.4056,-36.4344,75.38,89,100,12.12,overcast clouds
574,Sahuaripa,MX,29.05,-109.2333,70.2,28,48,1.79,scattered clouds
575,Finote Selam,ET,10.7,37.2667,56.79,61,9,2.66,clear sky
576,Asyut,EG,27.181,31.1837,60.94,45,0,3.13,clear sky
577,Mazatlan,MX,23.2167,-106.4167,80.56,72,0,8.05,clear sky
578,Calbuco,CL,-41.768,-73.1273,52.81,64,0,15.88,clear sky
579,Krasnoselkup,RU,65.7,82.4667,-0.83,96,100,10.6,overcast clouds
580,Chhabra,IN,24.6667,76.8333,56.79,46,0,3.8,clear sky
581,Nanlong,CN,31.3533,106.0631,37.8,77,99,6.55,overcast clouds
582,Koshki,RU,54.2091,50.4677,4.15,98,57,3.11,broken clouds
583,Mareeba,AU,-17.0,145.4333,76.44,90,100,2.28,overcast clouds
584,Kushima,JP,31.4583,131.2333,50.92,63,97,6.2,overcast clouds
585,Guryevsk,RU,54.2833,85.9333,-8.37,92,5,2.46,clear sky
586,Caravelas,BR,-17.7125,-39.2481,75.29,94,98,4.29,overcast clouds
587,Gigmoto,PH,13.7796,124.39,81.19,85,86,14.9,overcast clouds
588,Zhuhai,CN,22.2769,113.5678,58.78,88,40,23.02,scattered clouds
589,Pueblo Nuevo,MX,23.3833,-105.3833,57.18,50,80,1.72,broken clouds
590,Darlowo,PL,54.421,16.4107,32.43,82,85,7.78,overcast clouds
591,Miraflores,MX,19.2167,-98.8083,67.96,59,68,4.0,broken clouds
592,Satipo,PE,-11.2522,-74.6386,75.87,76,85,2.91,overcast clouds
593,Klamath Falls,US,42.2249,-121.7817,38.48,68,100,20.71,overcast clouds
594,Ust-Tsilma,RU,65.441,52.1498,-6.68,100,94,3.02,overcast clouds
595,Hudson Bay,CA,52.85,-102.3842,-3.35,99,98,5.55,overcast clouds
596,Alofi,NU,-19.0595,-169.9187,84.09,70,40,10.36,scattered clouds
597,Gombong,ID,-7.6072,109.5142,77.85,82,100,0.29,overcast clouds
598,Mantua,IT,45.1667,10.7833,41.99,89,77,3.0,broken clouds
599,Iquique,CL,-20.2208,-70.1431,66.24,82,5,5.93,clear sky
600,Urusha,RU,54.05,122.9,-31.13,96,46,2.55,scattered clouds
601,Saint Anthony,US,45.0205,-93.218,16.9,71,0,10.36,clear sky
602,Carndonagh,IE,55.25,-7.2667,49.3,92,100,9.04,overcast clouds
603,Kjollefjord,NO,70.9457,27.3465,35.65,86,75,8.05,broken clouds
604,Tesistan,MX,20.7833,-103.4833,78.03,35,33,3.36,scattered clouds
605,Kankakee,US,41.15,-87.8667,26.31,71,22,18.21,few clouds
606,Uravakonda,IN,14.95,77.2667,67.96,86,5,5.06,clear sky
607,Hurghada,EG,27.2574,33.8129,65.84,66,0,4.52,clear sky
608,Sur,OM,22.5667,59.5289,72.82,56,62,1.77,broken clouds
609,Rio Gallegos,AR,-51.6226,-69.2181,59.05,29,0,21.85,clear sky
610,Balkhash,KZ,46.844,74.9804,20.37,96,100,10.96,snow
611,Gamba,GA,-2.65,10.0,75.42,89,93,3.22,light rain
612,Pereyaslovskaya,RU,45.8412,39.0238,34.39,72,46,20.6,scattered clouds
613,Manbij,SY,36.5281,37.9549,53.98,86,61,7.61,broken clouds
614,Chazuta,PE,-6.5742,-76.1367,86.85,71,77,2.17,broken clouds
615,Luderitz,NA,-26.6481,15.1594,63.57,75,0,9.28,clear sky
616,Half Moon Bay,US,37.4636,-122.4286,58.53,63,100,11.5,overcast clouds
617,Freeport,US,40.6576,-73.5832,55.65,70,100,27.63,overcast clouds
618,Avera,US,33.194,-82.5271,58.51,64,62,14.63,broken clouds
619,Poum,NC,-20.2333,164.0167,81.68,82,76,14.81,broken clouds
620,Saquisili,EC,-0.8333,-78.6667,56.34,58,40,8.05,scattered clouds
621,Beira,MZ,-19.8436,34.8389,72.28,71,3,7.29,clear sky
622,Nador,MA,35.174,-2.9287,50.25,76,0,2.3,clear sky
623,Nantucket,US,41.2835,-70.0995,59.14,90,100,27.63,moderate rain
624,Sobolevo,RU,54.4299,31.8996,19.62,88,100,7.96,overcast clouds
625,Chisinau,MD,47.0056,28.8575,30.92,91,100,9.22,overcast clouds
626,Thale,DE,51.75,11.05,42.13,96,78,2.21,broken clouds
627,Masuguru,TZ,-11.3667,38.4167,73.44,85,30,3.02,light rain
628,Dzhebariki-Khaya,RU,62.2167,135.8,-32.22,97,100,2.37,overcast clouds
629,Deputatskiy,RU,69.3,139.9,-14.12,99,100,3.6,light snow
630,Kayerkan,RU,69.3497,87.7602,-2.85,99,100,2.57,overcast clouds
631,Koslan,RU,63.4564,48.8989,16.63,98,96,3.11,overcast clouds
632,Nanning,CN,22.8167,108.3167,46.85,73,100,8.79,overcast clouds
633,Coquimbo,CL,-29.9533,-71.3436,64.13,77,75,9.22,broken clouds
634,Usogorsk,RU,63.4106,48.6872,15.62,98,96,3.31,overcast clouds
635,Kattivakkam,IN,13.2167,80.3167,77.09,89,38,6.24,scattered clouds
636,Conakry,GN,9.538,-13.6773,81.57,75,21,7.43,few clouds
637,Dudinka,RU,69.4058,86.1778,2.08,98,100,5.48,overcast clouds
638,Moerai,PF,-22.4333,-151.3333,75.29,80,99,10.33,overcast clouds
639,Necochea,AR,-38.5473,-58.7368,57.83,86,100,14.94,overcast clouds
640,Batavia,US,41.85,-88.3126,25.29,66,0,21.85,clear sky
641,Bolgatanga,GH,10.7856,-0.8514,77.04,24,51,4.34,broken clouds
642,Buala,SB,-8.145,159.5921,82.33,77,100,5.79,light rain
643,Bud,US,39.447,-86.1758,31.32,69,0,14.36,clear sky
644,Morros,BR,-9.4467,-46.3003,71.55,89,79,2.84,broken clouds
645,Lomas De Sargentillo,EC,-1.8833,-80.0833,78.84,60,78,10.63,broken clouds
646,Bozoum,CF,6.3193,16.3799,69.35,38,86,1.14,overcast clouds
647,Kudahuvadhoo,MV,2.6708,72.8944,80.08,67,14,3.78,few clouds
648,Yashkul,RU,46.1711,45.3435,26.58,38,29,12.57,scattered clouds
649,Caledonia,US,42.8078,-87.9242,25.3,65,0,13.8,clear sky
650,Dire,ML,12.2833,-10.9667,75.76,33,37,2.15,scattered clouds
651,Dickson,US,36.077,-87.3878,38.48,63,40,3.44,scattered clouds
652,Namibe,AO,-15.1961,12.1522,69.44,76,86,7.63,overcast clouds
653,Mongu,ZM,-15.2484,23.1274,71.53,65,30,5.5,scattered clouds
654,Rosehearty,GB,57.697,-2.1132,43.66,84,96,21.27,overcast clouds
655,Los Andes,CL,-32.8337,-70.5983,64.0,64,29,4.85,scattered clouds
656,Lossiemouth,GB,57.7214,-3.2834,46.26,82,75,6.91,broken clouds
657,Puerto Berrio,CO,6.4916,-74.4033,73.49,96,89,2.53,overcast clouds
658,Taggia,IT,43.8485,7.8545,53.01,62,8,5.73,clear sky
659,Northam,GB,51.0333,-4.2167,41.4,86,48,6.29,scattered clouds
660,Lotoshino,RU,56.2267,35.6414,10.51,91,100,4.34,overcast clouds
661,Bathsheba,BB,13.2167,-59.5167,79.41,78,40,16.11,scattered clouds
662,Buraydah,SA,26.326,43.975,64.85,54,58,10.31,broken clouds
663,Ruthin,GB,53.1137,-3.3178,43.32,95,45,3.8,scattered clouds
664,Kongolo,CD,-5.3833,27.0,68.85,98,100,2.82,light rain
665,Amboise,FR,47.4125,0.9827,45.14,88,100,9.22,overcast clouds
666,Gandhidham,IN,23.0833,70.1333,68.83,41,0,6.91,clear sky
667,Skjervoy,NO,70.0311,20.9714,28.4,71,85,6.17,overcast clouds
668,Alta Gracia,AR,-31.6529,-64.4283,70.38,77,71,7.45,broken clouds
669,Boshnyakovo,RU,49.6333,142.1667,4.89,89,100,19.6,light snow
670,Presidencia Roque Saenz Pena,AR,-26.7852,-60.4388,83.12,38,41,5.1,scattered clouds
671,Aklavik,CA,68.2191,-135.0107,1.4,85,100,4.61,light snow
672,Pangody,RU,65.85,74.4859,-13.07,97,10,4.7,clear sky
673,Qinzhou,CN,21.95,108.6167,47.66,80,100,17.81,overcast clouds
674,Zhukovka,RU,53.534,33.728,21.47,82,100,8.93,overcast clouds
675,Nelson Bay,AU,-32.7167,152.15,70.09,63,100,7.0,overcast clouds
676,Selam,IN,11.65,78.1667,68.72,87,38,3.44,scattered clouds
677,Ambon,ID,-3.6954,128.1814,78.94,89,40,5.75,scattered clouds
678,Novobirilyussy,RU,56.9514,90.6661,-10.01,97,75,5.46,broken clouds
679,Lata,PT,40.1629,-8.3327,51.08,92,100,4.47,overcast clouds
680,Traverse City,US,44.7631,-85.6206,28.47,69,100,18.41,overcast clouds
681,Hami,CN,42.8,93.45,10.85,22,92,1.03,overcast clouds
682,Verkh-Usugli,RU,52.7,115.1667,-15.77,94,60,3.2,broken clouds
683,Bardiyah,LY,31.7561,25.0865,61.9,53,7,13.24,clear sky
684,Lubao,PH,14.9167,120.55,80.31,76,86,12.24,overcast clouds
685,Kavaratti,IN,10.5669,72.642,80.87,74,6,3.42,clear sky
686,Ndele,CF,8.4109,20.6473,76.12,32,100,3.15,overcast clouds
687,Madukkarai,IN,10.9,76.9667,68.68,94,20,4.61,mist
